Selected Rank,Cell Line,Priority,In Atlas?,Tranche,Phase of Therapy,Phase of therapy_Reynolds,Match Group ID,Sample Type,Age,Cancer Type,Solid Tumor,PCCMA Initial,priority_phase,TMM,2%_O2,5%_O2,20%_O2,Media,Doubling Time,Doubling Time_reynolds,Growth Properties,Model,Sample Type_reynolds,Sample info,Date Received,Methylation,RNAseq,WES,2%O2,5%O2,20%O2,NB media,PDX,PDX MATCH PAIR,MATCH,DX/PD pair,Notes,Jaime notes
1,CHLA-10,1a,x,1,PD,,,thoracic lymph node,14,Primitive Neuroectodermal Tumor (PNET),1,0,3,,-,-,✓,,,,,,,,,,,,,,,,,,,,,
2,CHLA-113,1a,x,1,PD,,,,,PNET / medulloblastoma,1,0,3,,-,-,✓,,,,,,,,,,,,,,,,,,,,,
3,CHLA-186,1a,x,1,PD-BMT,,,peritoneal fulid,,Rhabdomyosarcoma,1,0,2,,-,-,✓,,,,,,,,,,,,,,,,,,,,,
4,CHLA-194,1a,x,1,PD,,,tumor,,Retinoblastoma,1,0,3,,-,-,✓,,,,,,,,,,,,,,,,,,,,,
5,CHLA-196,1a,x,1,PD,,,"tumor, (from left eye)",,Retinoblastoma,1,0,3,,-,-,✓,,,,,,,,,,,,,,,,,,,,,
6,CHLA-200,1a,x,1,PD-PM,,,parietal lobe,12,Glioblastoma Multiforme,1,0,1,,-,-,✓,IMDM + 20% FBS + 4 mM LGlut + 1X ITS,54 hours,,Adherent monolayer,,,,,,,,,,,,,,,,,
7,CHLA-203,1a,x,1,PD,,,tumor,,Retinoblastoma,1,0,3,,-,-,✓,,,,,,,,,,,,,,,,,,,,,
8,CHLA-210,1a,x,1,P-EBR,,,(from left eye),,Retinoblastoma,1,0,2,,-,-,✓,,,,,,,,,,,,,,,,,,,,,
9,CHLA-218,1a,x,1,PD,,,tumor,,Primitive Neuroectodermal Tumor (PNET),1,0,3,,-,-,✓,,,,,,,,,,,,,,,,,,,,,
10,CHLA-25,1a,x,1,PD,,,,2.6,Primitive Neuroectodermal Tumor (PNET),1,0,3,,-,-,✓,,,,,,,,,,,,,,,,,,,,,
11,CHLA-258,1a,x,1,PD-BMT,,,tumor (lung met),14,Primitive Neuroectodermal Tumor (PNET),1,0,2,,-,-,✓,,,,,,,,,,,,,,,,,,,,,
12,CHLA-260,1a,,,PD,,,tumor,,Glioblastoma Multiforme,1,0,3,,-,-,✓,,,,,,,,,,,,,,,,,,,,,
13,COG-B-277,1a,,,PD,,,,,DNET,1,0,3,,-,-,✓,,,,,,,,,,,,,,,,,,,,,
14,COG-E-352,1a,x,1,PD-PM,,,blood,17,Ewing's Sarcoma,1,0,1,,-,✓,✓,,,,,,,,,,,,,,,,,,,,,
15,COG-EP-280,1a,x,1,PD,,,tumor,,"Ependymoma, anaplastic",1,0,3,,-,-,✓,,,,,,,,,,,,,,,,,,,,,
16,COG-R-262,1a,x,1,PD-BMT,,,pericardial fluid,,Rhabdomyosarcoma,1,0,2,,-,-,✓,,,,,,,,,,,,,,,,,,,,,
17,COG-R-264,1a,,,PD-BMT,,,,,Rhabdomyosarcoma,1,0,2,,-,-,✓,,,,,,,,,,,,,,,,,,,,,
18,COG-W-408,1a,,,PD,,,"tumor, (relapse)",,Wilms' Tumor,1,0,3,,-,✓,✓,,,,,,,,,,,,,,,,,,,,,
19,Rh41,1a,x,1,PD,,,lung tumor,,"Rhabdomyosarcoma, alveolar",1,0,3,,-,-,✓,IMDM + 20% FBS + 4 mM LGlut + 1X ITS,60 hours,,"Elongated cells and round cells, adherent with small population of suspended cells",,,,,,,,,,,,,,,,,
20,TC-71,1a,x,1,PD,,,,22,Ewing's Sarcoma,1,1,3,,-,-,✓,IMDM + 20% FBS + 4 mM LGlut + 1X ITS,24 hours,,"Teardrop-shaped cells with processes, adherent, grow mostly in clumps",,,,,,,,,,,,,,,,,Do we already have this one?
21,COG-AR-397hnb,1b,x,1,PD,,,cerebrospinal fluid,,Atypical Teratoid Rhabdoid Tumor,1,0,3,,-,✓,-,,,,,,,,,,,,,,,,,,,,,
22,COG-R-466h,1b,x,1,PD-PM,,,tumor (autopsy),,"Rhabdomyosarcoma, embryonal",1,0,1,,-,✓,-,,,,,,,,,,,,,,,,,,,,,
23,COG-RB-673h,1b,,,PD-PM,,,post mortem blood,,Retinoblastoma,1,0,1,,-,✓,-,,,,,,,,,,,,,,,,,,,,,
24,SJ-GBM2,1b,x,1,PD,,,brain tumor,5,Glioblastoma Multiforme,1,0,3,,-,-,-,,,,,,,,,,,,,,,,,,,,,No O2 conditions noted
25,CHLA-134,2a,,,PD-BMT,,,bone marrow,,Neuroblastoma,1,0,2,,-,-,✓,,,,,,,,,,,,,,,,,,,,,
26,CHLA-172,2a,,,PD-BMT,,,bone marrow,,Neuroblastoma,1,0,2,,-,-,✓,IMDM + 20% FBS + 4 mM LGlut + 1X ITS,,,,,,,,,,,,,,,,,,,,
27,CHLA-225,2a,,,PD-PM,,,pleural fluid,,Neuroblastoma,1,0,1,,-,-,✓,IMDM + 20% FBS + 4 mM LGlut + 1X ITS,62 hours,,Adherent and floating,,,,,,,,,,,,,,,,,
28,CHLA-51,2a,,,PD-BMT,,,bone marrow,,Neuroblastoma,1,0,2,,-,-,✓,,,,,,,,,,,,,,,,,,,,,
29,CHLA-79,2a,,,PD-BMT,,,tumor,,Neuroblastoma,1,0,2,,-,-,✓,,,,,,,,,,,,,,,,,,,,,
30,CHLA-90,2a,,,PD-BMT,,,bone marrow,,Neuroblastoma,1,0,2,,-,-,✓,IMDM + 20% FBS + 4 mM LGlut + 1X ITS,59 hours,,"Flat, epithelial-like cells with processes",,,,,,,,,,,,,,,,,
31,COG-N-399,2a,,,PD-PM,,,blood,,Neuroblastoma,1,0,1,,-,✓,✓,IMDM + 20% FBS + 4 mM LGlut + 1X ITS,40 hours,,,,,,,,,,,,,,,,,,,
32,COG-N-415,2a,,,PD-PM,,,blood,,Neuroblastoma,1,1,1,,-,✓,✓,IMDM + 20% FBS + 4 mM LGlut + 1X ITS,66 hours,,Heterogeneous culture of adherent cells and suspended cells,,,,,,,,,,,,,,,,,
33,COG-N-476,2a,,,PD-BMT,,,tumor,,Neuroblastoma,1,0,2,,-,✓,✓,,,,,,,,,,,,,,,,,,,,,
34,COG-N-505,2a,,,PD-PM,,,blood,,Neuroblastoma,1,0,1,,✓,✓,✓,,,,,,,,,,,,,,,,,,,,,
35,COG-N-529,2a,,,PD-PM,,,blood,,Neuroblastoma,1,0,1,,✓,✓,✓,,,,,,,,,,,,,,,,,,,,,
36,COG-N-577,2a,,,PD-PM,,,blood,,Neuroblastoma,1,0,1,,✓,✓,✓,IMDM + 20% FBS + 4 mM LGlut + 1X ITS,,,Adherent,,,,,,,,,,,,,,,,,
37,COG-N-645,2a,,,PD-PM,,,blood,,Neuroblastoma,1,0,1,,-,-,✓,,,,,,,,,,,,,,,,,,,,,
38,FU-NB-2006,2a,,,PD-PM,,,blood,,Neuroblastoma,1,0,1,,-,✓,✓,IMDM + 20% FBS + 4 mM LGlut + 1X ITS,48 hours,,Adherent,,,,,,,,,,,,,,,,,
39,CHLA-11,2a_PDmatch,,,"PD-BMT, PM",PD-PM,23,peripheral blood,,Neuroblastoma,1,0,1,,-,-,✓,IMDM + 20% FBS + 4 mM LGlut + 1X ITS,53 hours,,Adherent,CHLA-11,blood,autopsy,same as match,1,1,0,0,0,1,0,0,,CHLA-8 CHLA-12,0,,
40,CHLA-183,2a_PDmatch,,,PD,PD,8,bone marrow,,Neuroblastoma,1,0,3,,-,-,✓,,,36,,CHLA-183,bone marrow,,1996-05-17 0:00:00,0,0,0,0,0,1,0,0,,CHLA-171,1,,"Match with CHLA-171, which has 89 hour doubling time, but no sample for diagnosis"
41,CHLA-188L,2a_PDmatch,,,PD-BMT,PD,,bone marrow,,Neuroblastoma,1,0,2,,-,-,✓,,,,,CHLA-188L,bone marrow,,same as match,0,0,0,0,0,1,0,0,,CHLA-188R CHLA-189,0,,
42,CHLA-188R,2a_PDmatch,,,PD-BMT,PD,,bone marrow,,Neuroblastoma,1,0,2,,-,-,✓,,,,,CHLA-188R,bone marrow,,same as match,0,0,0,0,0,1,0,0,,CHLA-188L CHLA-189,0,,
43,CHLA-61,2a_PDmatch,,,PD-PM,PD-PM,,peripheral blood,,Neuroblastoma,1,0,1,,-,-,✓,,,,,CHLA-61,blood,autopsy,02/13/1990,0,0,0,0,0,1,0,0,,CHLA-60,0,,
44,CHLA-8,2a_PDmatch,,,PD-BMT,PD,23,tumor,,Neuroblastoma,1,0,2,,-,-,✓,,,,,CHLA-8,tumor,,prior to match,0,0,0,0,0,1,0,0,,CHLA-11 CHLA-12,0,,
45,COG-N-514,2a_PDmatch,,,PD,PD,20,bone marrow,,Neuroblastoma,1,0,3,,✓,✓,-,,,,,COG-N-514,bone marrow,,2013-10-05 0:00:00,0,0,0,0,1,1,1,0,,COG-N-513 COG-N-519,0,,"Matched with two other samples, this one has low O2 requirements. One of the match has long doubling time (COG-N-513; 103 hours)"
46,COG-N-519,2a_PDmatch,,,PD-PM,PD-PM,20,blood,,Neuroblastoma,1,1,1,,✓,✓,✓,IMDM + 20% FBS + 4 mM LGlut + 1X ITS,38 hours,38,Adherent,COG-N-519,blood,,2014-01-10 0:00:00,1,1,0,1,1,1,1,1,,COG-N-513 COG-N-514,0,,
47,COG-N-421,2b,,,PD-PM,,,blood,,Neuroblastoma,1,0,1,,-,-,-,,,,,,,,,,,,,,,,,,,,,
48,COG-N-440,2b,,,PD-PM,,,blood,,Neuroblastoma,1,1,1,,-,✓,-,,,,,,,,,,,,,,,,,,,,,
49,COG-N-471,2b,,,PD-PM,,,blood,,Neuroblastoma,1,0,1,,-,✓*,-,,,,,,,,,,,,,,,,,,,,,
50,COG-N-536h,2b,,,PD-PM,,,blood,,Neuroblastoma,1,0,1,,✓,✓,-,,,,,,,,,,,,,,,,,,,,,
51,COG-N-564h,2b,,,PD-PM,,,blood,,Neuroblastoma,1,0,1,,✓,✓,-,,,,,,,,,,,,,,,,,,,,,
52,COG-N-660hnb,2b,,,PD-PM,,,blood,,Neuroblastoma,1,0,1,,-,✓*,-,,,,,,,,,,,,,,,,,,,,,
53,COG-N-470,2b_PDmatch,,,PD-PM,PD-PM,21,blood,,Neuroblastoma,1,0,1,,✓,✓,-,,,75,,COG-N-470,blood,autopsy,2012-07-05 0:00:00,1,1,0,1,1,1,0,1,,COG-N-469h,0,,
54,CHLA-108,2c_DXmatch,,,PD,PD,5,bone marrow,,Neuroblastoma,1,0,3,,-,-,✓,IMDM + 20% FBS + 4 mM LGlut + 1X ITS,63 hours,63,Adherent,CHLA-108,bone marrow,,01/22/1992,1,0,0,0,0,1,0,0,,CHLA-83,1,,
55,CHLA-144,2c_DXmatch,,,Dx,Dx,7,bone marrow,,Neuroblastoma,1,0,4,TERT+,-,-,✓,IMDM + 20% FBS + 4 mM LGlut + 1X ITS,,,"Adherent, some floating",CHLA-144,bone marrow,,03/11/1994,1,1,0,0,0,1,0,0,,CHLA-145,1,,
56,CHLA-145,2c_DXmatch,,,PD,PD,7,bone marrow,,Neuroblastoma,1,0,3,WT,-,-,✓,IMDM + 20% FBS + 4 mM LGlut + 1X ITS,,,Adherent,CHLA-145,bone marrow,,06/21/1994,1,0,0,0,0,1,0,0,,CHLA-144,1,,
57,CHLA-15,2c_DXmatch,,,Dx,Dx,3,tumor,,Neuroblastoma,1,0,4,TERT+,-,-,✓,IMDM + 20% FBS + 4 mM LGlut + 1X ITS,21 hours,21,"Adherent, grows as loosely attached monolayer, numerous tight clumps",CHLA-15,tumor,,unknown,1,0,0,0,0,1,0,0,,CHLA-16 CHLA-20,1,,
58,CHLA-20,2c_DXmatch,,,PD,PD,3,tumor (neck),,Neuroblastoma,1,0,3,TERT+,-,-,✓,IMDM + 20% FBS + 4 mM LGlut + 1X ITS,28 hours,28,"Adherent, grows as loosely attached monolayer, numerous tight clumps",CHLA-20,tumor,neck,unknown,1,0,0,0,0,1,0,0,,CHLA-15 CHLA-16,1,,
59,CHLA-83,2c_DXmatch,,,Dx,Dx,5,bone marrow,,Neuroblastoma,1,0,4,,-,-,✓,,,39,,CHLA-83,bone marrow,,01/30/1991,1,0,0,0,0,1,0,0,,CHLA-108,1,,
60,CHLA-95,2c_DXmatch,,,PD,PD,4,tumor,,Neuroblastoma,1,0,3,,-,-,✓,,,18,,CHLA-95,tumor,,06/27/1991,1,0,0,0,0,1,0,0,,CHLA-78,1,,
61,COG-N-443h,2c_DXmatch,,,PD,PD,11,right bone marrow,,Neuroblastoma,1,0,3,TERT+,✓,✓,✓,,,51,,COG-N-443h,bone marrow,,2012-12-06 0:00:00,1,0,0,0,1,0,0,0,,COG-N-442h,1,,
62,SMS-KANR,2c_DXmatch,,,PD,PD,2,bone marrow,,Neuroblastoma,1,0,3,,-,-,✓,IMDM + 20% FBS + 4 mM LGlut + 1X ITS,69 hours,60,"Round, teardrop-shaded neuroblasts, adherent and suspended cells, grow mostly in clumps",SMS-KANR,bone marrow,,unknown,1,1,0,0,0,1,0,0,,SMS-KAN,1,,Discrepancy with doubling time data
63,SMS-KCNR,2c_DXmatch,,,PD,PD,1,bone marrow,,Neuroblastoma,1,0,3,TERT+,-,-,✓,IMDM + 20% FBS + 4 mM LGlut + 1X ITS,72 hours,45,"Round, teardrop-shaded neuroblasts, adherent and suspended cells, grow mostly in clumps",SMS-KCNR,bone marrow,,unknown,1,1,0,0,0,1,0,0,,SMS-KCN,1,,Discrepancy with doubling time data
64,CHLA-78,2c_DXmatch_longdoubling,,,Dx,Dx,4,bone marrow,,Neuroblastoma,1,0,4,,-,-,✓,IMDM + 20% FBS + 4 mM LGlut + 1X ITS,277 hours,54,Adherent,CHLA-78,bone marrow,,01/14/1991,1,0,0,0,0,1,0,0,,CHLA-95,1,,Discrepancy with doubling time data
65,COG-N-442h,2c_DXmatch_longdoubling,,,Dx,Dx,11,left bone marrow,,Neuroblastoma,1,0,4,EST,-,✓,-,,,98,,COG-N-442h,bone marrow,,2012-07-11 0:00:00,1,0,0,0,1,0,0,0,,COG-N-443h,1,,"Matched with a diagnosis, but has long doubling time and grows at >20% O2"
66,SMS-KAN,2c_DXmatch_longdoubling,,,Dx,Dx,2,solid tumor,,Neuroblastoma,1,1,4,,-,-,✓,IMDM + 20% FBS + 4 mM LGlut + 1X ITS,95 hours,95,"Round, teardrop-shaded neuroblasts, adherent and suspended cells, grow mostly in clumps",SMS-KAN,solid tumor,,unknown,1,1,0,0,0,1,0,0,,SMS-KANR,1,,
67,SMS-KCN,2c_DXmatch_longdoubling,,,Dx,Dx,1,solid tumor,,Neuroblastoma,1,0,4,TERT+,-,-,✓,IMDM + 20% FBS + 4 mM LGlut + 1X ITS,109 hours,109,"Round, teardrop-shaded neuroblasts, adherent and suspended cells, grow mostly in clumps",SMS-KCN,solid tumor,,unknown,1,1,0,0,0,1,0,0,,SMS-KCNR,1,,
68,CHLA-247,2c_PDmatch,,,PD,PD,9,bone marrow,,Neuroblastoma,1,0,3,TERT+,-,-,✓,IMDM + 20% FBS + 4 mM LGlut + 1X ITS,,,Adherent and floating,CHLA-247,bone marrow,,03/17/2000,1,1,0,0,0,1,0,0,,CHLA-253,1,,
69,CHLA-253,2c_PDmatch,,,PD,PD,9,tumor,,Neuroblastoma,1,0,3,,-,-,✓,IMDM + 20% FBS + 4 mM LGlut + 1X ITS,,,Adherent and floating,CHLA-253,tumor,,10/27/1999,0,0,0,0,0,1,0,0,,CHLA-247,1,Also acclimated to 5% oxygen,
70,BT-12,3a,,,Dx,,,tumor,0.2,Atypical Teratoid Rhabdoid Tumor,1,0,4,,-,-,✓,IMDM + 20% FBS + 4 mM LGlut + 1X ITS,27 hours,,"Adherent and suspended, grow mostly in clusters",,,,,,,,,,,,,,,,,
71,CHLA-107,3a,,,Dx,,,bone marrow,,Retinoblastoma,1,0,4,,-,-,✓,,,,,,,,,,,,,,,,,,,,,
72,CHLA-147,3a,,,Dx,,,bone marrow,,Ependymoma,1,0,4,,-,-,✓,,,,,,,,,,,,,,,,,,,,,
73,CHLA-148,3a,,,Dx,,,bone marrow,,DNET,1,0,4,,-,-,✓,,,,,,,,,,,,,,,,,,,,,
74,CHLA-176,3a,,,Dx,,,tumor,,Retinoblastoma,1,0,4,,-,-,✓,,,,,,,,,,,,,,,,,,,,,
75,CHLA-192,3a,,,Dx,,,tumor,,Retinoblastoma,1,0,4,,-,-,✓,,,,,,,,,,,,,,,,,,,,,
76,CHLA-193,3a,,,Dx,,,tumor,,Retinoblastoma,1,0,4,,-,-,✓,,,,,,,,,,,,,,,,,,,,,
77,CHLA-195,3a,,,Dx,,,"tumor, (from right eye)",,Retinoblastoma,1,0,4,,-,-,✓,,,,,,,,,,,,,,,,,,,,,
78,CHLA-198,3a,,,Dx,,,tumor,,Anaplastic Astrocytoma,1,0,4,,-,-,✓,,,,,,,,,,,,,,,,,,,,,
79,CHLA-222,3a,,,Dx,,,(from right eye),,Retinoblastoma,1,0,4,,-,-,✓,,,,,,,,,,,,,,,,,,,,,
80,CHLA-223,3a,,,Dx,,,,,Retinoblastoma,1,0,4,,-,-,✓,,,,,,,,,,,,,,,,,,,,,
81,CHLA-224,3a,,,Dx,,,(from right eye),,Retinoblastoma,1,0,4,,-,-,✓,,,,,,,,,,,,,,,,,,,,,
82,CHLA-227,3a,,,Dx,,,,,Retinoblastoma,1,0,4,,-,-,✓,,,,,,,,,,,,,,,,,,,,,
83,CHLA-229,3a,,,Dx,,,,,Retinoblastoma,1,0,4,,-,-,✓,,,,,,,,,,,,,,,,,,,,,
84,CHLA-230,3a,,,Dx,,,,,Retinoblastoma,1,0,4,,-,-,✓,,,,,,,,,,,,,,,,,,,,,
85,CHLA-259,3a,,,Dx,,,posterior fossa,14,Anaplastic Medulloblastoma,1,0,4,,-,-,✓,IMDM + 20% FBS + 4 mM LGlut + 1X ITS,76 hours,,Adherent monolayer and small population of suspended and attached clumps,,,,,,,,,,,,,,,,,
86,CHLA-37,3a,,,Dx,,,tumor,,Rhabdomyosarcoma,1,0,4,,-,-,✓,,,,,,,,,,,,,,,,,,,,,
87,CHLA-47,3a,,,Dx,,,tumor,,Embryonal Carcinoma,1,0,4,,-,-,✓,,,,,,,,,,,,,,,,,,,,,
88,CHLA-56,3a,,,Dx,,,bone marrow,,Primitive Neuroectodermal Tumor (PNET),1,0,4,,-,-,✓,,,,,,,,,,,,,,,,,,,,,
89,CHLA-64,3a,,,Dx,,,,,Wilms' Tumor,1,0,4,,-,-,✓,,,,,,,,,,,,,,,,,,,,,
90,CHLA-9,3a,,,Dx,,,tumor (thoracic mass),14,Primitive Neuroectodermal Tumor (PNET),1,0,4,,-,-,✓,,,,,,,,,,,,,,,,,,,,,
91,COG-AR-359,3a,,,Dx,,,tumor,,Atypical Teratoid Rhabdoid Tumor,1,0,4,,-,✓,✓,,,,,,,,,,,,,,,,,,,,,
92,COG-EP-271,3a,,,Dx,,,tumor,,"Ependymoma, anaplastic",1,0,4,,-,-,✓,,,,,,,,,,,,,,,,,,,,,
93,COG-G-407,3a,,,Dx,,,tumor,,Anaplastic Oligodendroglioma,1,0,4,,-,✓,✓,,,,,,,,,,,,,,,,,,,,,
94,COG-H-430,3a,,,Dx,,,tumor (liver),,"Hepatoblastoma, embryonal",1,0,4,,-,✓,✓,,,,,,,,,,,,,,,,,,,,,
95,COG-RB-273,3a,,,Dx,,,,,Retinoblastoma,1,0,4,,-,-,✓,,,,,,,,,,,,,,,,,,,,,
96,COG-RB-279,3a,,,Dx,,,(from left eye),,Retinoblastoma,1,0,4,,-,-,✓,,,,,,,,,,,,,,,,,,,,,
97,Rh18,3a,,,Dx,,,perineum,2,"Rhabdomyosarcoma, embryonal",1,0,4,,-,-,✓,IMDM + 20% FBS + 4 mM LGlut + 1X ITS,65 hours,,"Teardrop-shaped cells with processes, adherent",,,,,,,,,,,,,,,,,
98,Rh30,3a,,,Dx,,,bone marrow,17,"Rhabdomyosarcoma, alveolar",1,1,4,,-,-,✓,IMDM + 20% FBS + 4 mM LGlut + 1X ITS,35 hours,,"Elongated cells and round cells, adherent with small population of suspended cells",,,,,,,,,,,,,,,,,
99,TC-106,3a,,,Dx,,,,19,Ewing's Sarcoma,1,0,4,,-,-,✓,,,,,,,,,,,,,,,,,,,,,
100,TC-32,3a,,,Dx,,,,17,Primitive Neuroectodermal Tumor (PNET),1,1,4,,-,-,✓,IMDM + 20% FBS + 4 mM LGlut + 1X ITS,24 hours,,"Teardrop-shaped cells with processes Adherent, grow mostly in clumps",,,,,,,,,,,,,,,,,
101,CB-NJR,3a_unknownphase,,,-,,,unknown,,Rhabdomyosarcoma,1,0,5,,-,-,✓,,,,,,,,,,,,,,,,,,,,,
102,CHLA-237,3a_unknownphase,,,-,,,unknown,,Ewing's Sarcoma,1,0,5,,-,-,✓,,,,,,,,,,,,,,,,,,,,,
103,CHLA-33,3a_unknownphase,,,-,,,tumor,,Rhabdomyosarcoma,1,0,5,,-,-,✓,,,,,,,,,,,,,,,,,,,,,
104,CHLA-50,3a_unknownphase,,,-,,,tumor,,Rhabdomyosarcoma,1,0,5,,-,-,✓,,,,,,,,,,,,,,,,,,,,,
105,CHLA-98,3a_unknownphase,,,-,,,tumor,,Ewing's Sarcoma,1,0,5,,-,-,✓,,,,,,,,,,,,,,,,,,,,,
106,CHLA-99,3a_unknownphase,,,-,,,tumor,,Ewing's Sarcoma,1,0,5,,-,-,✓,,,,,,,,,,,,,,,,,,,,,
107,COG-R-267,3a_unknownphase,,,-,,,brain tumor,,Rhabdomyosarcoma,1,0,5,,-,-,✓,,,,,,,,,,,,,,,,,,,,,
108,SMS-CTR,3a_unknownphase,,,-,,,,,"Rhabdomyosarcoma, embryonal",1,0,5,,-,-,✓,,,,,,,,,,,,,,,,,,,,,
109,CHLA-135,3b,,,Dx,,,tumor,,Atypical Teratoid Rhabdoid Tumor,1,0,4,,-,-,-,,,,,,,,,,,,,,,,,,,,,
110,CHLA-266,3b,,,Dx,,,posterior fossa,1.5,Atypical Teratoid Rhabdoid Tumor,1,0,4,,-,-,-,,,,,,,,,,,,,,,,,,,,,
111,SK-N-FI,4a_ALT,,,PD,,,,,Neuroblastoma,1,1,3,ALT,-,-,✓,IMDM + 20% FBS + 4 mM LGlut + 1X ITS,,,"Epithelial cells, mostly adherent with some suspended",,,,,,,,,,,,,,,,,
112,COG-N-512,4a_ALT_PDmatch,,,PD,,,bone marrow,,Neuroblastoma,1,0,3,ALT,✓,✓,✓,IMDM + 20% FBS + 4 mM LGlut + 1X ITS,,,Adherent and floating,,,,,,,,,,,,,,,,,
113,COG-N-515,4a_ALT_PDmatch,,,PD,PD,,bone marrow,,Neuroblastoma,1,0,3,ALT,✓,✓,✓,IMDM + 20% FBS + 4 mM LGlut + 1X ITS,,,Adherent and floating,COG-N-515,bone marrow,,2013-09-25 0:00:00,1,1,0,1,1,1,0,0,,COG-N-512,0,,
114,CHLA-132,4a_EST,,,PD,,,bone marrow,,Neuroblastoma,1,0,3,EST,-,-,✓,IMDM + 20% FBS + 4 mM LGlut + 1X ITS,,,,,,,,,,,,,,,,,,,,
115,COG-N-323,4a_EST,,,Dx,,,tumor,,Neuroblastoma,1,0,4,EST,-,-,✓,IMDM + 20% FBS + 4 mM LGlut + 1X ITS,,,,,,,,,,,,,,,,,,,,
116,COG-N-325,4a_EST,,,PD,,,tumor,,Neuroblastoma,1,0,3,EST,-,-,✓,IMDM + 20% FBS + 4 mM LGlut + 1X ITS,,,,,,,,,,,,,,,,,,,,
117,CHLA-119,4a_TERT,,,PD,,,bone marrow,,Neuroblastoma,1,0,3,TERT+,-,-,✓,IMDM + 20% FBS + 4 mM LGlut + 1X ITS,,,Adherent,,,,,,,,,,,,,,,,,
118,CHLA-140,4a_TERT,,,PD,,,bone marrow,,Neuroblastoma,1,0,3,TERT+,-,-,✓,IMDM + 20% FBS + 4 mM LGlut + 1X ITS,,,"Adherent and suspended cells, grows mostly in clumps",,,,,,,,,,,,,,,,,
119,CHLA-24,4a_TERT,,,PD,,,pleural fluid,,Neuroblastoma,1,0,3,TERT+,-,-,✓,IMDM + 20% FBS + 4 mM LGlut + 1X ITS,,,"Clump, Adherent",,,,,,,,,,,,,,,,,
120,COG-N-261,4a_TERT,,,Dx,,,tumor,,Neuroblastoma,1,0,4,TERT+,-,-,✓,IMDM + 20% FBS + 4 mM LGlut + 1X ITS,,,,,,,,,,,,,,,,,,,,
121,COG-N-265,4a_TERT,,,Dx,,,tumor,,Neuroblastoma,1,0,4,TERT+,-,-,✓,IMDM + 20% FBS + 4 mM LGlut + 1X ITS,,,,,,,,,,,,,,,,,,,,
122,COG-N-269,4a_TERT,,,PD,,,lymph node,,Neuroblastoma,1,0,3,TERT+,-,-,✓,IMDM + 20% FBS + 4 mM LGlut + 1X ITS,,,,,,,,,,,,,,,,,,,,
123,COG-N-289,4a_TERT,,,PD,,,solid tumor,,Neuroblastoma,1,0,3,TERT+,-,-,✓,IMDM + 20% FBS + 4 mM LGlut + 1X ITS,,,,,,,,,,,,,,,,,,,,
124,COG-N-318,4a_TERT,,,PD,,,solid tumor,,Neuroblastoma,1,0,3,TERT+,-,-,✓,IMDM + 20% FBS + 4 mM LGlut + 1X ITS,,,,,,,,,,,,,,,,,,,,
125,COG-N-327,4a_TERT,,,PD,,,bone marrow,,Neuroblastoma,1,0,3,TERT+,-,✓,✓,IMDM + 20% FBS + 4 mM LGlut + 1X ITS,,,,,,,,,,,,,,,,,,,,
126,COG-N-334,4a_TERT,,,PD,,,bone marrow,,Neuroblastoma,1,0,3,TERT+,-,✓,✓,IMDM + 20% FBS + 4 mM LGlut + 1X ITS,,,,,,,,,,,,,,,,,,,,
127,COG-N-473h,4a_TERT,,,PD,,,bone marrow,,Neuroblastoma,1,0,3,TERT+,✓,✓,✓,,,,,,,,,,,,,,,,,,,,,
128,COG-N-603,4a_TERT,,,Dx,Dx,,tumor,,Neuroblastoma,1,0,4,TERT+,✓,✓,✓,IMDM + 20% FBS + 4 mM LGlut + 1X ITS,,74,,COG-N-603,tumor,,2015-12-22 0:00:00,1,1,0,1,1,1,1,1,1,COG-N-623 COG-N-623x,1,,
129,SMS-SAN,4a_TERT,,,Dx,,,bone marrow,,Neuroblastoma,1,1,4,TERT+,-,-,✓,IMDM + 20% FBS + 4 mM LGlut + 1X ITS,71 hours,,"Round, teardrop-shaded neuroblasts, adherent and suspended cells, grow mostly in clumps",,,,,,,,,,,,,,,,,
130,CHLA-29,4a_TERT_DXmatch,,,Dx,Dx,,bone marrow,,Neuroblastoma,1,0,4,TERT+,-,-,✓,IMDM + 20% FBS + 4 mM LGlut + 1X ITS,,,Adherent and floating cells,CHLA-29,bone marrow,,06/16/1989,0,0,0,0,0,1,0,0,,CHLA-30,0,,2 samples at DX
131,CHLA-30,4a_TERT_DXmatch,,,Dx,Dx,,tumor,,Neuroblastoma,1,0,4,TERT+,-,-,✓,,,,,CHLA-30,tumor,,06/16/1989,0,0,0,0,0,1,0,0,,CHLA-29,0,,2 samples at DX
132,COG-N-682,4a_TERT_DXmatch,,,Dx,Dx,,bone marrow,,Neuroblastoma,1,0,4,TERT+,✓,✓,✓,IMDM + 20% FBS + 4 mM LGlut + 1X ITS,69 hours,59,,COG-N-682,bone marrow,,2018-04-18 0:00:00,0,1,0,1,1,1,1,1,,COG-N-683,0,,Matched with another sample at diagnosis but with unknown telomere maintenance
133,COG-N-469h,4a_TERT_PDmatch,,,PD,PD,21,left bone marrow,,Neuroblastoma,1,0,3,TERT+,✓,✓,✓,,,53,,COG-N-469h,bone marrow,,2012-04-20 0:00:00,1,0,0,1,1,0,0,0,,COG-N-470,0,,
134,COG-N-263,4a_WT,,,Dx,,,tumor,,Neuroblastoma,1,0,4,WT,-,-,✓,,,,,,,,,,,,,,,,,,,,,
135,COG-N-291,4a_WT,,,PD,,,bone marrow,,Neuroblastoma,1,0,3,WT,-,-,✓,,,,,,,,,,,,,,,,,,,,,
136,COG-N-293,4a_WT,,,Dx,,,solid tumor,,Neuroblastoma,1,0,4,WT,-,-,✓,,,,,,,,,,,,,,,,,,,,,
137,CHLA-110,4b,,,PD,PD,,bone marrow,,Neuroblastoma,1,0,3,,-,-,✓,,,,,CHLA-110,bone marrow,,05/19/1992,0,0,0,0,0,1,0,0,,CHLA-109,0,,
138,COG-N-284,4b,,,PD,,,liver metastasis,,Neuroblastoma,1,0,3,,-,-,✓,,,,,,,,,,,,,,,,,,,,,
139,CHLA-100,4b_DXmatch,,,Dx,Dx,,tumor,,Neuroblastoma,1,0,4,,-,-,✓,,,,,CHLA-100,tumor,,same as match,0,0,0,0,0,1,0,0,,CHLA-101,0,,2 samples at DX
140,CHLA-101,4b_DXmatch,,,Dx,Dx,,bone marrow,,Neuroblastoma,1,0,4,,-,-,✓,,,,,CHLA-101,bone marrow,,same as match,0,0,0,0,0,1,0,0,,CHLA-100,0,,2 samples at DX
141,COG-N-585,4b_DXmatch,,,Dx,Dx,,bone marrow,,Neuroblastoma,1,0,4,,✓,✓,✓,IMDM + 20% FBS + 4 mM LGlut + 1X ITS,,,Adherent,COG-N-585,bone marrow,,2015-09-23 0:00:00,1,0,0,1,1,1,0,0,,COG-N-586,0,,2 samples at DX
142,COG-N-586,4b_DXmatch,,,Dx,Dx,,bone marrow,,Neuroblastoma,1,0,4,,✓,✓,✓,IMDM + 20% FBS + 4 mM LGlut + 1X ITS,,,,COG-N-586,bone marrow,,2015-09-23 0:00:00,1,0,0,1,1,1,1,0,,COG-N-585,0,,2 samples at DX
143,COG-N-600,4b_DXmatch,,,Dx,Dx,,bone marrow,,Neuroblastoma,1,0,4,,✓,✓,✓,,,,,COG-N-600,bone marrow,,2015-11-06 0:00:00,1,0,0,1,1,1,1,0,,COG-N-601h2,0,,Matched with a DX that grows in <20%O2
144,COG-N-646,4b_DXmatch,,,Dx,Dx,,bone marrow,,Neuroblastoma,1,0,4,,✓,✓,✓,,,,,COG-N-646,bone marrow,,2017-03-21 0:00:00,1,0,0,1,1,1,1,0,,COG-N-647,0,,2 samples at DX
145,COG-N-647,4b_DXmatch,,,Dx,Dx,,bone marrow,,Neuroblastoma,1,0,4,,✓,✓,✓,,,,,COG-N-647,bone marrow,,2017-03-21 0:00:00,1,0,0,1,1,1,1,0,,COG-N-646,0,,2 samples at DX
146,COG-N-683,4b_DXmatch,,,Dx,Dx,,bone marrow,,Neuroblastoma,1,0,4,,✓,✓,✓,IMDM + 20% FBS + 4 mM LGlut + 1X ITS,77 hours,53,,COG-N-683,bone marrow,,2018-04-18 0:00:00,1,1,0,1,1,1,1,1,,COG-N-682,0,,Matched with TERT DX; doubling time discrepancy
147,COG-N-601h2,4c_DXmatch,,,Dx,Dx,,bone marrow,,Neuroblastoma,1,0,4,,✓,✓,-,,,,,COG-N-601h2,bone marrow,,2015-11-06 0:00:00,1,0,0,1,0,0,1,0,,COG-N-600,0,,Matched with a DX that grows in 20%O2
148,COG-N-632h,4c_PDmatch,,,PD,PD,22,bone marrow,,Neuroblastoma,1,0,3,,-,✓,-,,,,,COG-N-632h,bone marrow,,2016-03-03 0:00:00,0,0,0,0,1,0,0,0,,COG-N-677hnb COG-N-678,0,,
149,COG-N-677hnb,4c_PDmatch,,,PD,PD,22,bone marrow,,Neuroblastoma,1,0,3,,-,✓*,-,,,,,COG-N-677hnb,bone marrow,,2018-01-22 0:00:00,1,0,1,0,0,0,1,1,,COG-N-632h COG-N-678,0,,
150,COG-N-678h,4c_PDmatch,,,PD,PD,22,bone marrow,,Neuroblastoma,1,0,3,,-,✓,-,,,,,COG-N-678h,bone marrow,,2018-01-22 0:00:00,1,1,0,0,1,0,1,0,,COG-N-632h COG-N-677hnb,0,,
999,COG-N-534,2a_longdoubling,,,PD-PM,,,blood,,Neuroblastoma,1,1,1,,✓,✓,✓,IMDM + 20% FBS + 4 mM LGlut + 1X ITS,144 hours,,Adherent,,,,,,,,,,,,,,,,,
999,COG-N-561,2a_longdoubling,,,PD-PM,,,blood,,Neuroblastoma,1,1,1,,✓,✓,✓,IMDM + 20% FBS + 4 mM LGlut + 1X ITS,103 hours,,Adherent,,,,,,,,,,,,,,,,,
999,COG-N-615,2a_longdoubling,,,PD-PM,,,blood,,Neuroblastoma,1,0,1,,✓,✓,✓,IMDM + 20% FBS + 4 mM LGlut + 1X ITS,117 hours @ 5%O2,,,,,,,,,,,,,,,,,,,
999,COG-N-672,2a_longdoubling,,,PD-PM,,,blood,,Neuroblastoma,1,0,1,,✓,✓,✓,IMDM + 20% FBS + 4 mM LGlut + 1X ITS,80 hours,,,,,,,,,,,,,,,,,,,
999,COG-N-685,2a_longdoubling,,,PD-PM,,,blood,,Neuroblastoma,1,0,1,,✓,✓,✓,IMDM + 20% FBS + 4 mM LGlut + 1X ITS,165 hours @ 5%O2,,,,,,,,,,,,,,,,,,,
999,CHLA-171,2a_PDmatch_longdoubling,,,PD-PM,PD-PM,8,periperhal blood,,Neuroblastoma,1,0,1,,-,-,✓,IMDM + 20% FBS + 4 mM LGlut + 1X ITS,89 hours,89,"Adherent, grow mostly in clumps and small population of suspended cells",CHLA-171,blood,autopsy,10/01/1996,1,1,0,0,0,1,0,0,,CHLA-183,1,,
999,CHLA-52,2a_PDmatch_longdoubling,,,PD-PM,PD-PM,,bone marrow,,Neuroblastoma,1,0,1,,-,-,✓,IMDM + 20% FBS + 4 mM LGlut + 1X ITS,88 hours,,Adherent some floating,CHLA-52,bone marrow,autopsy,1989-12-22 0:00:00,0,0,0,0,0,1,0,0,,CHLA-53,0,,
999,CHLA-53,2a_PDmatch_longdoubling,,,PD-PM,PD-PM,,peripheral blood,,Neuroblastoma,1,0,1,,-,-,✓,IMDM + 20% FBS + 4 mM LGlut + 1X ITS,92 hours,,Adherent some floating,CHLA-53,blood,autopsy,1989-12-22 0:00:00,0,0,0,0,0,1,0,0,,CHLA-52,0,,
999,CHLA-60,2a_PDmatch_longdoubling,,,PD-PM,PD-PM,,bone marrow,,Neuroblastoma,1,0,1,,-,-,✓,IMDM + 20% FBS + 4 mM LGlut + 1X ITS,96 hours,,Adherent,CHLA-60,bone marrow,autopsy,02/13/1990,0,0,0,0,0,1,0,0,,CHLA-61,0,,
999,COG-N-452,2a_PDmatch_longdoubling,,,PD-PM,PD-PM,13,blood,,Neuroblastoma,1,0,1,,✓,✓,✓,IMDM + 20% FBS + 4 mM LGlut + 1X ITS,158 hours,122,Heterogeneous culture of adherent cells and suspended cells,COG-N-452,blood,autopsy,2012-03-13 0:00:00,1,0,1,1,1,1,1,1,,COG-N-453,1,,
999,COG-N-513,2a_PDmatch_longdoubling,,,PD,PD,20,bone marrow,,Neuroblastoma,1,0,3,,✓,✓,✓,IMDM + 20% FBS + 4 mM LGlut + 1X ITS,103 hours in 2%O2,103,Adherent,COG-N-513,bone marrow,,2013-10-05 0:00:00,1,0,0,1,1,1,1,0,,COG-N-514 COG-N-519,0,,"Long doubling time, matches with two other samples (see above)"
999,COG-N-618,2a_PDmatch_longdoubling,,,PD-Post XRT,PD,,bone marrow,,Neuroblastoma,1,0,1,,✓,✓,✓,IMDM + 20% FBS + 4 mM LGlut + 1X ITS,102 hours,57,,COG-N-618,bone marrow,,2016-02-26 0:00:00,1,1,0,1,1,1,1,1,,COG-N-619,0,,Discrepancy with doubling time data
999,COG-N-619,2a_PDmatch_longdoubling,,,PD-Post XRT,PD,,bone marrow,,Neuroblastoma,1,0,1,,✓,✓,✓,IMDM + 20% FBS + 4 mM LGlut + 1X ITS,95 hours,95,,COG-N-619,bone marrow,,2016-02-26 0:00:00,1,1,0,1,1,1,0,1,,COG-N-618,0,,
999,COG-N-453,2b_PDmatch_longdoubling,,,PD-PM,PD-PM,13,tumor,,Neuroblastoma,1,1,1,,✓,✓,-,,,139,,COG-N-453,tumor,liver,2012-03-13 0:00:00,1,1,0,1,1,1,1,1,,COG-N-452,1,,
999,CHLA-16,2c_DXmatch_longdoubling,,,Dx,Dx,3,pleural fluid,,Neuroblastoma,1,0,4,TERT+,-,-,✓,,,80,,CHLA-16,fluid,pleural,unknown,0,0,0,0,0,1,0,0,,CHLA-15 CHLA-20,1,,
999,COG-N-294,2c_DXmatch_longdoubling,,,Dx,Dx,10,solid tumor,,Neuroblastoma,1,0,4,TERT+,-,-,✓,IMDM + 20% FBS + 4 mM LGlut + 1X ITS,,300+,,COG-N-294,solid tumor,,2003-04-22 0:00:00,1,0,0,0,0,1,0,0,,COG-N-321,1,,Discrepancy with doubling time data
999,COG-N-445,2c_DXmatch_longdoubling,,,Dx,Dx,12,bone marrow,,Neuroblastoma,1,0,4,TERT+,✓,✓,✓,,,90,,COG-N-445,bone marrow,,2012-01-04 0:00:00,1,0,0,1,1,1,0,0,,COG-N-507h COG-N-508h,1,,
999,COG-N-507h,2c_DXmatch_longdoubling,,,PD,PD,12,bone marrow,,Neuroblastoma,1,0,3,,-,✓,-,,,112,,COG-N-507h,bone marrow,,2013-07-25 0:00:00,1,0,0,0,1,0,0,0,,COG-N-445 COG-N-508h,1,,"Matched with a diagnosis, but has long doubling time and grows at >20% O2"
999,COG-N-508h,2c_DXmatch_longdoubling,,,PD,PD,12,bone marrow,,Neuroblastoma,1,0,3,,-,✓,-,,,102,,COG-N-508h,bone marrow,,2013-07-25 0:00:00,0,0,0,0,1,0,0,0,,COG-N-445 COG-N-507h,1,,"Matched with a diagnosis, but has long doubling time and grows at >20% O2"
999,COG-N-532,2c_DXmatch_longdoubling,,,Dx,Dx,15,bone marrow,,Neuroblastoma,1,0,4,,✓,✓,✓,,,200,,COG-N-532,bone marrow,,2014-04-02 0:00:00,1,0,1,1,1,1,1,0,,COG-N-549,1,,
999,COG-N-549,2c_DXmatch_longdoubling,,,PD,PD,15,tumor,,Neuroblastoma,1,1,3,,✓,✓,✓,IMDM + 20% FBS + 4 mM LGlut + 1X ITS,126 hours,126,Adherent,COG-N-549,tumor,,2014-12-05 0:00:00,1,1,1,1,1,1,1,1,,COG-N-532,1,,
999,COG-N-321,2c_PDmatch_longdoubling,,,PD,PD,10,bone marrow,,Neuroblastoma,1,0,3,TERT+,-,-,✓,IMDM + 20% FBS + 4 mM LGlut + 1X ITS,,128,,COG-N-321,bone marrow,,2005-03-11 0:00:00,1,0,0,0,0,1,0,0,,COG-N-294,1,,
999,CHLA-32,3a_longdoubling,,,Dx,,,tumor,8.5,Primitive Neuroectodermal Tumor (PNET),1,0,4,,-,-,✓,IMDM + 20% FBS + 4 mM LGlut + 1X ITS,99 hours,,"Flat, epithelial cells and round cells, attached monolayer and suspended clumps",,,,,,,,,,,,,,,,,
999,CHLA-14,4a_TERT,,,Dx,,,,,Neuroblastoma,1,0,4,TERT+,-,-,✓,,,,,,,,,,,,,,,,,,,,,
999,CHLA-42,4a_TERT,,,Dx,,,bone marrow,,Neuroblastoma,1,0,4,TERT+,-,-,✓,IMDM + 20% FBS + 4 mM LGlut + 1X ITS,,,"Adherent, grows mostly in clumps",,,,,,,,,,,,,,,,,
999,CHLA-44,4a_TERT,,,Dx,,,bone marrow,,Neuroblastoma,1,0,4,TERT+,-,-,✓,,,,,,,,,,,,,,,,,,,,,
999,COG-N-276,4a_TERT,,,Dx,,,bone marrow,,Neuroblastoma,1,0,4,TERT+,-,-,✓,,,,,,,,,,,,,,,,,,,,,
999,COG-N-283,4a_TERT,,,Dx,,,solid tumor,,Neuroblastoma,1,0,4,TERT+,-,-,✓,IMDM + 20% FBS + 4 mM LGlut + 1X ITS,,,,,,,,,,,,,,,,,,,,
999,COG-N-295,4a_TERT,,,Dx,,,solid tumor,,Neuroblastoma,1,0,4,TERT+,-,-,✓,IMDM + 20% FBS + 4 mM LGlut + 1X ITS,,,,,,,,,,,,,,,,,,,,
999,COG-N-297,4a_TERT,,,Dx,,,solid tumor,,Neuroblastoma,1,0,4,TERT+,-,-,✓,IMDM + 20% FBS + 4 mM LGlut + 1X ITS,,,,,,,,,,,,,,,,,,,,
999,COG-N-299,4a_TERT,,,Dx,,,solid tumor,,Neuroblastoma,1,0,4,TERT+,-,-,✓,,,,,,,,,,,,,,,,,,,,,
999,COG-N-303,4a_TERT,,,Dx,,,solid tumor,,Neuroblastoma,1,0,4,TERT+,-,-,✓,,,,,,,,,,,,,,,,,,,,,
999,COG-N-305,4a_TERT,,,Dx,,,solid tumor,,Neuroblastoma,1,0,4,TERT+,-,-,✓,IMDM + 20% FBS + 4 mM LGlut + 1X ITS,,,,,,,,,,,,,,,,,,,,
999,COG-N-312,4a_TERT,,,Dx,,,bone marrow,,Neuroblastoma,1,0,4,TERT+,-,-,✓,,,,,,,,,,,,,,,,,,,,,
999,COG-N-322,4a_TERT,,,Dx,,,solid tumor,,Neuroblastoma,1,0,4,TERT+,-,-,✓,,,,,,,,,,,,,,,,,,,,,
999,COG-N-324,4a_TERT,,,Dx,,,bone marrow,,Neuroblastoma,1,0,4,TERT+,-,-,✓,IMDM + 20% FBS + 4 mM LGlut + 1X ITS,,,,,,,,,,,,,,,,,,,,
999,COG-N-331,4a_TERT,,,Dx,,,bone marrow,,Neuroblastoma,1,0,4,TERT+,-,-,✓,IMDM + 20% FBS + 4 mM LGlut + 1X ITS,,,,,,,,,,,,,,,,,,,,
999,COG-N-333,4a_TERT,,,Dx,,,bone marrow,,Neuroblastoma,1,0,4,TERT+,-,-,✓,,,,,,,,,,,,,,,,,,,,,
999,COG-N-347,4a_TERT,,,Dx,,,bone marrow,,Neuroblastoma,1,0,4,TERT+,-,-,✓,IMDM + 20% FBS + 4 mM LGlut + 1X ITS,,,,,,,,,,,,,,,,,,,,
999,COG-N-349,4a_TERT,,,Dx,,,bone marrow,,Neuroblastoma,1,0,4,TERT+,-,✓,✓,,,,,,,,,,,,,,,,,,,,,
999,COG-N-353,4a_TERT,,,Dx,,,bone marrow,,Neuroblastoma,1,0,4,TERT+,-,✓,✓,,,,,,,,,,,,,,,,,,,,,
999,COG-N-354,4a_TERT,,,Dx,,,bone marrow,,Neuroblastoma,1,0,4,TERT+,-,✓,✓,IMDM + 20% FBS + 4 mM LGlut + 1X ITS,,,,,,,,,,,,,,,,,,,,
999,COG-N-367,4a_TERT,,,Dx,,,bone marrow,,Neuroblastoma,1,0,4,TERT+,-,✓,✓,IMDM + 20% FBS + 4 mM LGlut + 1X ITS,,,,,,,,,,,,,,,,,,,,
999,COG-N-373,4a_TERT,,,Dx,,,bone marrow,,Neuroblastoma,1,0,4,TERT+,-,-,✓,IMDM + 20% FBS + 4 mM LGlut + 1X ITS,,,,,,,,,,,,,,,,,,,,
999,COG-N-497,4a_TERT,,,Dx,,,bone marrow,,Neuroblastoma,1,0,4,TERT+,✓,✓,✓,,,,,,,,,,,,,,,,,,,,,
999,NB-1643,4a_TERT,,,Dx,,,,,Neuroblastoma,1,0,4,TERT+,-,-,✓,IMDM + 20% FBS + 4 mM LGlut + 1X ITS,,,"Teardrop-shaped cells with processes; Adherent, grow mostly in clusters",,,,,,,,,,,,,,,,,
999,COG-N-296,4a_TERT_longdoubling_DXmatch,,,Dx,Dx,,bone marrow,,Neuroblastoma,1,0,4,,-,-,✓,,,300+,,COG-N-296,bone marrow,,2003-07-07 0:00:00,1,0,0,0,0,1,0,0,,COG-N-298,0,,2 samples at DX
999,COG-N-298,4a_TERT_longdoubling_DXmatch,,,Dx,Dx,,solid tumor,,Neuroblastoma,1,0,4,TERT+,-,-,✓,IMDM + 20% FBS + 4 mM LGlut + 1X ITS,,,,COG-N-298,solid tumor,,2003-07-02 0:00:00,0,0,0,0,0,1,0,0,,COG-N-296,0,,2 samples at DX
999,COG-N-509hnb,4a_TERT_longdoubling_DXmatch,,,Dx,Dx,14,bone marrow,,Neuroblastoma,1,0,4,EST,-,✓*,-,,,300+,,COG-N-509hnb,bone marrow,,2013-03-29 0:00:00,1,0,0,0,0,0,1,0,,COG-N-562,1,,2 samples at DX
999,COG-N-562,4a_TERT_longdoubling_DXmatch,,,Dx,,14,tumor,,Neuroblastoma,1,0,4,TERT+,✓,✓,✓,IMDM + 20% FBS + 4 mM LGlut + 1X ITS,,,,,,,,,,,,,,,,,,,,2 samples at DX
999,CHLA-102,4b,,,PD,,,tumor,,Neuroblastoma,1,0,3,,-,-,✓,,,,,,,,,,,,,,,,,,,,,
999,CHLA-103,4b,,,PD,,,tumor,,Neuroblastoma,1,0,3,,-,-,✓,,,,,,,,,,,,,,,,,,,,,
999,CHLA-105,4b,,,Dx,,,bone marrow,,Neuroblastoma,1,0,4,,-,-,✓,,,,,,,,,,,,,,,,,,,,,
999,CHLA-123,4b,,,Dx,,,peripheral blood,,Neuroblastoma,1,0,4,,-,-,✓,,,,,,,,,,,,,,,,,,,,,
999,CHLA-125,4b,,,PD,,,bone marrow,,Neuroblastoma,1,0,3,,-,-,✓,,,,,,,,,,,,,,,,,,,,,
999,CHLA-126,4b,,,Dx,,,bone marrow,,Neuroblastoma,1,0,4,,-,-,✓,,,,,,,,,,,,,,,,,,,,,
999,CHLA-127,4b,,,PD,,,tumor,,Neuroblastoma,1,0,3,,-,-,✓,,,,,,,,,,,,,,,,,,,,,
999,CHLA-137,4b,,,Dx,,,tumor,,Neuroblastoma,1,0,4,,-,-,✓,,,,,,,,,,,,,,,,,,,,,
999,CHLA-138,4b,,,Dx,,,bone marrow,,Neuroblastoma,1,0,4,,-,-,✓,,,,,,,,,,,,,,,,,,,,,
999,CHLA-142,4b,,,Dx,,,bone marrow,,Neuroblastoma,1,0,4,,-,-,✓,,,,,,,,,,,,,,,,,,,,,
999,CHLA-146,4b,,,PD,,,bone marrow,,Neuroblastoma,1,0,3,,-,-,✓,,,,,,,,,,,,,,,,,,,,,
999,CHLA-150,4b,,,PD,,,bone marrow,,Neuroblastoma,1,0,3,,-,-,✓,,,,,,,,,,,,,,,,,,,,,
999,CHLA-151,4b,,,Dx,,,tumor,,Neuroblastoma,1,0,4,,-,-,✓,,,,,,,,,,,,,,,,,,,,,
999,CHLA-160,4b,,,Dx,,,tumor,,Neuroblastoma,1,0,4,,-,-,✓,,,,,,,,,,,,,,,,,,,,,
999,CHLA-161,4b,,,PD,,,bone marrow,,Neuroblastoma,1,0,3,,-,-,✓,,,,,,,,,,,,,,,,,,,,,
999,CHLA-21,4b,,,PD,,,bone marrow,,Neuroblastoma,1,0,3,,-,-,✓,,,,,,,,,,,,,,,,,,,,,
999,CHLA-22,4b,,,PD,,,bone marrow,,Neuroblastoma,1,0,3,,-,-,✓,,,,,,,,,,,,,,,,,,,,,
999,CHLA-232,4b,,,PD,,,,,Neuroblastoma,1,0,3,,-,-,✓,,,,,,,,,,,,,,,,,,,,,
999,CHLA-27,4b,,,Dx,,,bone marrow,,Neuroblastoma,1,0,4,,-,-,✓,,,,,,,,,,,,,,,,,,,,,
999,CHLA-28,4b,,,PD,,,bone marrow,,Neuroblastoma,1,0,3,,-,-,✓,,,,,,,,,,,,,,,,,,,,,
999,CHLA-34,4b,,,PD,,,bone marrow,,Neuroblastoma,1,0,3,,-,-,✓,,,,,,,,,,,,,,,,,,,,,
999,CHLA-35,4b,,,Dx,,,bone marrow,,Neuroblastoma,1,0,4,,-,-,✓,,,,,,,,,,,,,,,,,,,,,
999,CHLA-41,4b,,,PD,,,tumor,,Neuroblastoma,1,0,3,,-,-,✓,,,,,,,,,,,,,,,,,,,,,
999,CHLA-43,4b,,,Dx,,,bone marrow,,Neuroblastoma,1,0,4,,-,-,✓,,,,,,,,,,,,,,,,,,,,,
999,CHLA-46,4b,,,PD,,,tumor,,Neuroblastoma,1,0,3,,-,-,✓,IMDM + 20% FBS + 4 mM LGlut + 1X ITS,,,,,,,,,,,,,,,,,,,,
999,CHLA-58,4b,,,PD,,,tumor,,Neuroblastoma,1,0,3,,-,-,✓,,,,,,,,,,,,,,,,,,,,,
999,CHLA-70,4b,,,PD,,,bone marrow,,Neuroblastoma,1,0,3,,-,-,✓,,,,,,,,,,,,,,,,,,,,,
999,CHLA-72,4b,,,PD,,,peripheral blood,,Neuroblastoma,1,0,3,,-,-,✓,,,,,,,,,,,,,,,,,,,,,
999,CHLA-84,4b,,,Dx,,,tumor,,Neuroblastoma,1,0,4,,-,-,✓,,,,,,,,,,,,,,,,,,,,,
999,CHLA-89,4b,,,Dx,,,tumor,,Neuroblastoma,1,0,4,,-,-,✓,,,,,,,,,,,,,,,,,,,,,
999,COG-N-272,4b,,,Dx,,,solid tumor,,Neuroblastoma,1,0,4,,-,-,✓,,,,,,,,,,,,,,,,,,,,,
999,COG-N-278,4b,,,Dx,,,solid tumor,,Neuroblastoma,1,0,4,,-,-,✓,IMDM + 20% FBS + 4 mM LGlut + 1X ITS,,,,,,,,,,,,,,,,,,,,
999,COG-N-290,4b,,,Dx,,,solid tumor,,Neuroblastoma,1,0,4,,-,-,✓,,,,,,,,,,,,,,,,,,,,,
999,COG-N-302,4b,,,Dx,,,solid tumor,,Neuroblastoma,1,0,4,,-,-,✓,,,,,,,,,,,,,,,,,,,,,
999,COG-N-316,4b,,,Dx,,,bone marrow,,Neuroblastoma,1,0,4,,-,-,✓,IMDM + 20% FBS + 4 mM LGlut + 1X ITS,,,,,,,,,,,,,,,,,,,,
999,COG-N-475h,4b,,,PD,,,tumor,,Neuroblastoma,1,0,3,,-,✓,✓,,,,,,,,,,,,,,,,,,,,,
999,COG-N-504,4b,,,Dx,,,bone marrow,,Neuroblastoma,1,0,4,,-,✓,✓,,,,,,,,,,,,,,,,,,,,,
999,COG-N-539,4b,,,Dx,,,tumor,,Neuroblastoma,1,0,4,,✓,✓,✓,,,,,,,,,,,,,,,,,,,,,
999,COG-N-540,4b,,,Dx,,,bone marrow,,Neuroblastoma,1,0,4,,✓,✓,✓,,,,,,,,,,,,,,,,,,,,,
999,COG-N-548,4b,,,Dx,,,bone marrow,,Neuroblastoma,1,0,4,,✓,✓,✓,,,,,,,,,,,,,,,,,,,,,
999,COG-N-553,4b,,,PD,,,bone marrow,,Neuroblastoma,1,0,3,,✓,✓,✓,,,,,,,,,,,,,,,,,,,,,
999,COG-N-554,4b,,,Dx,,,bone marrow,,Neuroblastoma,1,0,4,,✓,✓,✓,,,,,,,,,,,,,,,,,,,,,
999,COG-N-563,4b,,,Dx,,,bone marrow,,Neuroblastoma,1,0,4,,✓,✓,✓,,,,,,,,,,,,,,,,,,,,,
999,COG-N-565,4b,,,PD,,,right bone marrow,,Neuroblastoma,1,0,3,,✓,✓,✓,,,,,,,,,,,,,,,,,,,,,
999,COG-N-566,4b,,,Dx,,,blood,,Neuroblastoma,1,0,4,,✓,✓,✓,,,,,,,,,,,,,,,,,,,,,
999,COG-N-571,4b,,,Dx,,,bone marrow,,Neuroblastoma,1,0,4,,-,✓,✓,IMDM + 20% FBS + 4 mM LGlut + 1X ITS,,,Large suspended spheres and single layer adherent,,,,,,,,,,,,,,,,,
999,COG-N-575,4b,,,Dx,,,bone marrow,,Neuroblastoma,1,0,4,,✓,✓,✓,IMDM + 20% FBS + 4 mM LGlut + 1X ITS,,,Adherent,,,,,,,,,,,,,,,,,
999,COG-N-587h,4b,,,Dx,,,bone marrow,,Neuroblastoma,1,0,4,,✓,✓,✓,,,,,,,,,,,,,,,,,,,,,
999,COG-N-599,4b,,,PD,,,bone marrow,,Neuroblastoma,1,0,3,,✓,✓,✓,IMDM + 20% FBS + 4 mM LGlut + 1X ITS,,,,,,,,,,,,,,,,,,,,
999,COG-N-602,4b,,,Dx,,,bone marrow,,Neuroblastoma,1,0,4,,✓,✓,✓,IMDM + 20% FBS + 4 mM LGlut + 1X ITS,,,,,,,,,,,,,,,,,,,,
999,COG-N-614,4b,,,Dx,,,bone marrow,,Neuroblastoma,1,0,4,,✓,✓,✓,IMDM + 20% FBS + 4 mM LGlut + 1X ITS,,,,,,,,,,,,,,,,,,,,
999,COG-N-627h,4b,,,Dx,,,tumor,,Neuroblastoma,1,0,4,,✓,✓,✓,,,,,,,,,,,,,,,,,,,,,
999,COG-N-633,4b,,,PD,,,bone marrow,,Neuroblastoma,1,0,3,,✓,✓,✓,IMDM + 20% FBS + 4 mM LGlut + 1X ITS,,,,,,,,,,,,,,,,,,,,
999,COG-N-698,4b,,,Dx,,,tumor,,Neuroblastoma,1,0,4,,-,✓,✓,,,,,,,,,,,,,,,,,,,,,
999,NB-Ebc1,4b,,,PD,,,,,Neuroblastoma,1,0,3,,-,-,✓,IMDM + 20% FBS + 4 mM LGlut + 1X ITS,,,"Teardrop-shaped cells with processes and small, round cells, mostly adherent, grow clumps",,,,,,,,,,,,,,,,,
999,SMS-MSN,4b,,,Dx,,,bone marrow,,Neuroblastoma,1,0,4,,-,-,✓,,,,,,,,,,,,,,,,,,,,,
999,CHLA-81,4b_longdoubling,,,PD,,,tumor,,Neuroblastoma,1,0,3,,-,-,✓,IMDM + 20% FBS + 4 mM LGlut + 1X ITS,198 hours,,,,,,,,,,,,,,,,,,,
999,COG-N-496,4b_longdoubling,,,Dx,,,bone marrow,,Neuroblastoma,1,1,4,,✓,✓,✓,IMDM + 20% FBS + 4 mM LGlut + 1X ITS,85 hours,,Heterogeneous culture of adherent cells and suspended cells,,,,,,,,,,,,,,,,,
999,COG-N-500,4b_longdoubling,,,Dx,Dx,,bone marrow,,Neuroblastoma,1,0,4,TERT+,-,✓,✓,,,112,,COG-N-500,bone marrow,,2013-02-15 0:00:00,0,0,0,0,1,0,1,0,,COG-N-504hnb,0,,
999,COG-N-628,4b_longdoubling,,,Dx,Dx,,bone marrow,,Neuroblastoma,1,0,4,,✓,✓,✓,IMDM + 20% FBS + 4 mM LGlut + 1X ITS,277 hours,103,,COG-N-628,bone marrow,,2016-05-11 0:00:00,1,1,0,1,1,1,0,1,,COG-N-629,0,,Doubling time discrepancy
999,COG-N-675,4b_longdoubling,,,Dx,,,bone marrow,,Neuroblastoma,1,0,4,,✓,✓,✓,IMDM + 20% FBS + 4 mM LGlut + 1X ITS,84 hours,,Adherent,,,,,,,,,,,,,,,,,
999,COG-N-680,4b_longdoubling,,,PD,,,bone marrow,,Neuroblastoma,1,0,3,,✓,-,✓,IMDM + 20% FBS + 4 mM LGlut + 1X ITS,124 hours,,Adherent and in suspension,,,,,,,,,,,,,,,,,
999,LA-N-5,4b_longdoubling,,,Dx,,,bone marrow,,Neuroblastoma,1,1,4,TERT+,-,-,✓,IMDM + 20% FBS + 4 mM LGlut + 1X ITS,100 hours,,"Teardrop-shaped cells with processes, adherent, grow mostly in clusters",,,,,,,,,,,,,,,,,
999,LA-N-6,4b_longdoubling,,,PD,,,bone marrow,,Neuroblastoma,1,1,3,EST,-,-,✓,IMDM + 20% FBS + 4 mM LGlut + 1X ITS,150 hours,,"Teardrop-shaped cells with processes, adherent, grow mostly in clusters",,,,,,,,,,,,,,,,,
999,SMS-LHN,4b_longdoubling,,,PD,,,solid tumor,,Neuroblastoma,1,0,3,TERT+,-,-,✓,IMDM + 20% FBS + 4 mM LGlut + 1X ITS,216 hours,,"Teardrop-shaped cells with neurite outgrowth, adherent, grows in clusters",,,,,,,,,,,,,,,,,
999,COG-N-518,4b_longdoubling_DXmatch,,,Dx,Dx,,bone marrow,,Neuroblastoma,1,0,4,EST,✓,✓,✓,IMDM + 20% FBS + 4 mM LGlut + 1X ITS,267 hours in 5%O2,267,,COG-N-518,bone marrow,,2014-01-07 0:00:00,1,0,0,1,1,1,1,1,,COG-N-521,0,,
999,COG-N-521,4b_longdoubling_DXmatch,,,Dx,Dx,,bone marrow,,Neuroblastoma,1,0,4,,✓,✓,✓,,,,,COG-N-521,bone marrow,,2014-01-07 0:00:00,0,0,0,1,1,1,1,0,,COG-N-518,0,,
999,COG-N-556,4b_longdoubling_DXmatch,,,Dx,Dx,,bone marrow,,Neuroblastoma,1,0,4,,✓,✓,✓,,,,,COG-N-556,bone marrow,,2015-01-07 0:00:00,0,0,0,1,1,1,1,0,,COG-N-557,0,,
999,COG-N-557,4b_longdoubling_DXmatch,,,Dx,Dx,,bone marrow,,Neuroblastoma,1,0,4,TERT+,✓,✓,✓,IMDM + 20% FBS + 4 mM LGlut + 1X ITS,114 hours,124,Adherent,COG-N-557,tumor,,2015-01-07 0:00:00,1,1,0,1,1,1,1,1,,COG-N-556,0,,Doubling time discrepancy
999,COG-N-573,4b_longdoubling_DXmatch,,,Dx,Dx,,bone marrow,,Neuroblastoma,1,1,4,TERT+,✓,✓,✓,IMDM + 20% FBS + 4 mM LGlut + 1X ITS,239 hours,92,Large suspended spheres and single layer adherent,COG-N-573,bone marrow,,2015-07-09 0:00:00,1,1,1,1,1,1,1,1,,COG-N-574,0,,Doubling time discrepancy
999,COG-N-574,4b_longdoubling_DXmatch,,,Dx,Dx,,bone marrow,,Neuroblastoma,1,0,4,,✓,✓,✓,IMDM + 20% FBS + 4 mM LGlut + 1X ITS,,,,COG-N-574,bone marrow,,2015-07-09 0:00:00,0,0,0,1,1,1,1,0,,COG-N-573,0,,
999,COG-N-590,4b_longdoubling_DXmatch,,,Dx,,,tumor,,Neuroblastoma,1,0,4,TERT+,-,✓,✓,IMDM + 20% FBS + 4 mM LGlut + 1X ITS,301 hours,,Adherent,,,,,,,,,,,,,,,,,
999,COG-N-591,4b_longdoubling_DXmatch,,,Dx,Dx,,bone marrow,,Neuroblastoma,1,0,4,,✓,✓,✓,IMDM + 20% FBS + 4 mM LGlut + 1X ITS,301 hours,,Adherent,COG-N-591,bone marrow,,2015-10-14 0:00:00,1,0,0,1,1,1,1,0,,COG-N-590 COG-N-592,0,,
999,COG-N-592,4b_longdoubling_DXmatch,,,Dx,Dx,,bone marrow,,Neuroblastoma,1,0,4,,✓,✓,✓,IMDM + 20% FBS + 4 mM LGlut + 1X ITS,,,,COG-N-592,bone marrow,,2015-10-14 0:00:00,1,0,0,1,1,1,1,0,,COG-N-590 COG-N-591,0,,
999,COG-N-636,4b_longdoubling_DXmatch,,,Dx,Dx,,tumor,,Neuroblastoma,1,0,4,,✓,✓,✓,IMDM + 20% FBS + 4 mM LGlut + 1X ITS,154 hours,90,,COG-N-636,tumor,liver,2016-08-24 0:00:00,1,1,0,1,1,1,1,1,,COG-N-637 COG-N-638,0,,Doubling time discrepancy
999,COG-N-637,4b_longdoubling_DXmatch,,,Dx,Dx,,bone marrow,,Neuroblastoma,1,0,4,,✓,✓,✓,IMDM + 20% FBS + 4 mM LGlut + 1X ITS,,,,COG-N-637,bone marrow,,2016-08-24 0:00:00,1,0,0,1,1,1,1,0,,COG-N-636 COG-N-638,0,,
999,COG-N-700,4b_longdoubling_DXmatch,,,Dx,Dx,,tumor,,Neuroblastoma,1,0,4,ALT,✓,✓,✓,IMDM + 20% FBS + 4 mM LGlut + 1X ITS,144 hours,144,,COG-N-700,tumor,,2019-01-11 0:00:00,0,1,0,1,1,1,1,1,,COG-N-701,0,,
999,COG-N-701,4b_longdoubling_DXmatch,,,Dx,Dx,,bone marrow,,Neuroblastoma,1,0,4,,-,✓,✓,,,,,COG-N-701,bone marrow,,2019-01-11 0:00:00,0,0,0,0,1,1,0,0,,COG-N-700,0,,
999,COG-N-578,4b_PDmatch,,,PD,PD,,bone marrow,,Neuroblastoma,1,0,3,,✓,✓,✓,IMDM + 20% FBS + 4 mM LGlut + 1X ITS,,,Adherent,COG-N-578,bone marrow,,2015-07-10 0:00:00,1,0,0,1,1,1,1,0,,COG-N-579h,0,,
999,COG-N-542h,4c_DXmatch,,,Dx,Dx,,bone marrow,,Neuroblastoma,1,0,4,,-,✓,-,,,,,COG-N-542h,bone marrow,2nd,2014-07-31 0:00:00,0,0,0,0,1,0,0,0,,COG-N-543h,0,,2 samples at DX
999,COG-N-543h,4c_DXmatch,,,Dx,Dx,,bone marrow,,Neuroblastoma,1,0,4,,✓,✓,-,,,,,COG-N-543h,bone marrow,1st,2014-07-31 0:00:00,1,0,0,1,1,0,0,0,,COG-N-542h,0,,2 samples at DX
999,COG-N-555h,4c_DXmatch,,,Dx,Dx,,bone marrow,,Neuroblastoma,1,0,4,,-,✓,-,,,,,COG-N-555h,bone marrow,,2014-12-20 0:00:00,1,0,0,0,1,0,1,0,,COG-N-558h,0,,2 samples at DX
999,COG-N-558h,4c_DXmatch,,,Dx,Dx,,tumor,,Neuroblastoma,1,0,4,,✓,✓,-,,,,,COG-N-558h,bone marrow,,2014-12-20 0:00:00,1,0,0,1,1,0,0,0,,COG-N-555h,0,,2 samples at DX
999,COG-N-581h,4c_DXmatch,,,Dx,Dx,,bone marrow,,Neuroblastoma,1,0,4,,✓,✓,-,,,,,COG-N-581h,bone marrow,,2015-07-18 0:00:00,1,0,0,1,1,0,0,0,,COG-N-582h,0,,2 samples at DX
999,COG-N-582h,4c_DXmatch,,,Dx,Dx,,bone marrow,,Neuroblastoma,1,0,4,,✓,✓,-,,,,,COG-N-582h,bone marrow,,2015-07-18 0:00:00,0,0,0,1,1,0,0,0,,COG-N-581h,0,,2 samples at DX
999,COG-N-579h,4c_PDmatch_longdoubling,,,PD,PD,,bone marrow,,Neuroblastoma,1,0,3,,✓,✓,-,,,120,,COG-N-579h,bone marrow,,2015-07-10 0:00:00,1,1,0,1,1,0,1,1,,COG-N-578,0,,
999,COG-N-638h,4c_DXmatch_longdoubling,,,Dx,Dx,,bone marrow,,Neuroblastoma,1,0,4,,✓,✓,-,,,,,COG-N-638h,bone marrow,,2016-08-24 0:00:00,1,0,0,1,1,0,0,0,,COG-N-636 COG-N-637,0,,
999,COG-N-696h,4c_DXmatch_longdoubling,,,Dx,Dx,,bone marrow,,Neuroblastoma,1,0,4,,-,✓,-,,,,,COG-N-696h,bone marrow,,2018-09-07 0:00:00,1,0,0,0,1,0,0,0,,COG-N-697h,0,,
999,COG-N-697h,4c_DXmatch_longdoubling,,,Dx,Dx,,tumor,,Neuroblastoma,1,0,4,,✓,✓,-,,,151,,COG-N-697h,tumor,,2018-09-07 0:00:00,1,1,0,1,1,0,0,1,,COG-N-696h,0,,
999,COG-N-490h,4c_TERT_DXmatch,,,Dx,Dx,,bone marrow,,Neuroblastoma,1,0,4,TERT+,✓,✓,-,,,,,COG-N-490h,bone marrow,,2013-02-22 0:00:00,1,0,0,0,1,0,0,0,,COG-N-491h,0,,
999,COG-N-491h,4c_TERT_DXmatch_longdoubling,,,Dx,Dx,,peripheral blood,,Neuroblastoma,1,0,4,TERT+,-,✓,-,,,198,,COG-N-491h,blood,,2013-02-22 0:00:00,1,0,0,1,1,0,1,0,,COG-N-490h,0,,
999,COG-N-569hnb,4d_ALT,,,Dx,,,bone marrow,,Neuroblastoma,1,0,4,ALT,-,✓,-,,,,,,,,,,,,,,,,,,,,,
999,COG-N-387h,4d_EST,,,PD,,,,,Neuroblastoma,1,0,3,EST,-,✓,-,,,,,,,,,,,,,,,,,,,,,
999,COG-N-328h,4d_TERT,,,Dx,,,tumor,,Neuroblastoma,1,0,4,TERT+,-,✓,-,,,,,,,,,,,,,,,,,,,,,
999,COG-N-346,4d_TERT,,,PD,,,tumor,,Neuroblastoma,1,0,3,TERT+,-,✓,-,,,,,,,,,,,,,,,,,,,,,
999,COG-N-372h,4d_TERT,,,PD,,,bone marrow,,Neuroblastoma,1,0,3,TERT+,-,✓,-,,,,,,,,,,,,,,,,,,,,,
999,COG-N-462h,4d_TERT,,,Dx,,,right bone marrow,,Neuroblastoma,1,0,4,TERT+,✓,-,-,,,,,,,,,,,,,,,,,,,,,
999,COG-N-463h2,4d_TERT,,,Dx,,,left bone marrow,,Neuroblastoma,1,0,4,TERT+,✓,✓,-,,,,,,,,,,,,,,,,,,,,,
999,COG-N-474,4d_TERT,,,Dx,,,bone marrow,,Neuroblastoma,1,0,4,TERT+,-,✓,-,,,,,,,,,,,,,,,,,,,,,
999,COG-N-478,4d_TERT,,,PD,,,left bone marrow,,Neuroblastoma,1,0,3,TERT+,-,✓,-,,,,,,,,,,,,,,,,,,,,,
999,COG-N-480h2,4d_TERT,,,Dx,,,right bone marrow,,Neuroblastoma,1,0,4,TERT+,✓,-,-,,,,,,,,,,,,,,,,,,,,,
999,COG-N-482h,4d_TERT,,,PD,,,bone marrow,,Neuroblastoma,1,0,3,TERT+,✓,✓,-,,,,,,,,,,,,,,,,,,,,,
999,COG-N-485h,4d_TERT,,,Dx,,,bone marrow,,Neuroblastoma,1,0,4,TERT+,✓,✓,-,,,,,,,,,,,,,,,,,,,,,
999,COG-N-511h2,4d_TERT,,,PD,,,bone marrow,,Neuroblastoma,1,0,3,TERT+,✓,✓,-,,,,,,,,,,,,,,,,,,,,,
999,COG-N-503h,4e,,,Dx,,,bone marrow,,Neuroblastoma,1,0,4,,-,✓,-,,,,,,,,,,,,,,,,,,,,,
999,COG-N-522h,4e,,,Dx,,,bone marrow,,Neuroblastoma,1,0,4,,-,✓,-,,,,,,,,,,,,,,,,,,,,,
999,COG-N-523h,4e,,,Dx,,,bone marrow,,Neuroblastoma,1,0,4,,-,✓,-,,,,,,,,,,,,,,,,,,,,,
999,COG-N-524h,4e,,,Dx,,,bone marrow,,Neuroblastoma,1,0,4,,-,✓,-,,,,,,,,,,,,,,,,,,,,,
999,COG-N-527h,4e,,,Dx,,,bone marrow,,Neuroblastoma,1,0,4,,✓,✓,-,,,,,,,,,,,,,,,,,,,,,
999,COG-N-531h,4e,,,Dx,,,bone marrow,,Neuroblastoma,1,0,4,,-,✓,-,,,,,,,,,,,,,,,,,,,,,
999,COG-N-544,4e,,,Dx,,,bone marrow,,Neuroblastoma,1,0,4,,✓,✓,-,,,,,,,,,,,,,,,,,,,,,
999,COG-N-546h,4e,,,Dx,,,bone marrow,,Neuroblastoma,1,0,4,,✓,✓,-,,,,,,,,,,,,,,,,,,,,,
999,COG-N-550h,4e,,,Dx,,,bone marrow,,Neuroblastoma,1,0,4,,✓,✓,-,,,,,,,,,,,,,,,,,,,,,
999,COG-N-552h,4e,,,DX,DX,,bone marrow,,Neuroblastoma,1,0,4,,✓,✓,-,,,,,COG-N-552h,bone marrow,,2014-10-31 0:00:00,0,0,0,1,1,0,0,1,,COG-N-560x,0,*cell line and PDX from same patient same time different sample type,
999,COG-N-570h,4e,,,Dx,,,blood,,Neuroblastoma,1,0,4,,✓,✓,-,,,,,,,,,,,,,,,,,,,,,
999,COG-N-572h,4e,,,Dx,,,bone marrow,,Neuroblastoma,1,0,4,,-,✓,-,,,,,,,,,,,,,,,,,,,,,
999,COG-N-576h2,4e,,,PD,,,bone marrow,,Neuroblastoma,1,0,3,,✓,-,-,,,,,,,,,,,,,,,,,,,,,
999,COG-N-596h,4e,,,PD,,,tumor,,Neuroblastoma,1,0,3,,✓,✓,-,,,,,,,,,,,,,,,,,,,,,
999,COG-N-597h,4e,,,Dx,Dx,,bone marrow,,Neuroblastoma,1,0,4,,✓,✓,-,,,,,COG-N-597h,bone marrow,,2015-08-19 0:00:00,0,0,0,0,1,0,1,0,,COG-N-598h2nb,0,,
999,COG-N-598h2,4e,,,Dx,,,bone marrow,,Neuroblastoma,1,0,4,,✓,✓,-,,,,,,,,,,,,,,,,,,,,,
999,COG-N-616h,4e,,,Dx,,,bone marrow,,Neuroblastoma,1,0,4,,-,✓,-,,,,,,,,,,,,,,,,,,,,,
999,COG-N-617h,4e,,,Dx,,,bone marrow,,Neuroblastoma,1,0,4,,✓,✓,-,,,,,,,,,,,,,,,,,,,,,
999,COG-N-621h,4e,,,PD,,,bone marrow,,Neuroblastoma,1,0,3,,✓,✓,-,,,,,,,,,,,,,,,,,,,,,
999,COG-N-626h,4e,,,Dx,Dx,,bone marrow,,Neuroblastoma,1,0,4,,-,✓,-,,,,,COG-N-626h,bone marrow,,2016-11-17 0:00:00,1,1,1,1,1,0,1,0,,COG-N-719 COG-N-723hnb,1,,
999,COG-N-635h,4e,,,Dx,Dx,,bone marrow,,Neuroblastoma,1,0,4,,✓,✓,-,,,,,COG-N-635h,bone marrow,,2016-07-01 0:00:00,1,0,0,1,1,0,1,0,,COG-N-634hnb,0,,
999,COG-N-639h,4e,,,Dx,,,bone marrow,,Neuroblastoma,1,0,4,,✓,✓,-,,,,,,,,,,,,,,,,,,,,,
999,COG-N-640h,4e,,,Dx,,,bone marrow,,Neuroblastoma,1,0,4,,✓,✓,-,,,,,,,,,,,,,,,,,,,,,
999,COG-N-651h2,4e,,,Dx,,,bone marrow,,Neuroblastoma,1,0,4,,✓,-,-,,,,,,,,,,,,,,,,,,,,,
999,COG-N-652h2,4e,,,Dx,,,bone marrow,,Neuroblastoma,1,0,4,,-,-,-,,,,,,,,,,,,,,,,,,,,,
999,COG-N-654h,4e,,,Dx,,,bone marrow,,Neuroblastoma,1,0,4,,-,✓,-,,,,,,,,,,,,,,,,,,,,,
999,COG-N-662h,4e,,,Dx,,,bone marrow,,Neuroblastoma,1,0,4,,-,✓,-,,,,,,,,,,,,,,,,,,,,,
999,COG-N-663h2,4e,,,Dx,,,bone marrow,,Neuroblastoma,1,0,4,,✓,-,-,,,,,,,,,,,,,,,,,,,,,
999,COG-N-667h,4e,,,Dx,,,bone marrow,,Neuroblastoma,1,0,4,,-,✓,-,,,,,,,,,,,,,,,,,,,,,